Envio_ID;Tipo_Evento;Modo;Início_Validade;Status;Protocolo;Código_Resposta;Descrição_Resposta;Nr_Recibo;Rubricas;Data_Envio
8;S-1010;alteracao;2026-03;erro;1.1.202603.0000000012937362376;201;Lote Recebido com Sucesso.;;? (?);28/03/2026 10:03
9;S-1010;alteracao;2018-02;processado;1.1.202603.0000000012937400078;201;Lote Recebido com Sucesso.;;? (?);28/03/2026 10:27
10;S-1010;alteracao;;erro;1.1.202603.0000000012937562937;201;Lote Recebido com Sucesso.;;? (?);28/03/2026 11:55
11;S-1010;alteracao;2018-02;enviado;1.1.202603.0000000012937600584;201;Lote Recebido com Sucesso.;;? (?);28/03/2026 12:22
12;S-1010;alteracao;2018-02;processado;1.1.202603.0000000012937600719;201;Lote Recebido com Sucesso.;;? (?);28/03/2026 12:22
13;S-1010;alteracao;;erro;1.1.202603.0000000012937611775;201;Lote Recebido com Sucesso.;;? (?);28/03/2026 12:29
14;S-1010;alteracao;2018-02;erro;1.1.202603.0000000012938184215;201;Lote Recebido com Sucesso.;;? (?);28/03/2026 18:38
15;S-1010;alteracao;2018-02;processado;1.1.202603.0000000012938218819;201;Lote Recebido com Sucesso.;;? (?);28/03/2026 19:08
16;S-1010;alteracao;2018-02;processado;1.1.202603.0000000012938222896;201;Lote Recebido com Sucesso.;;? (?);28/03/2026 19:12
17;S-1010;alteracao;2018-02;processado;1.1.202603.0000000012938232904;201;Lote Recebido com Sucesso.;;? (?);28/03/2026 19:20
18;S-1010;alteracao;2018-02;processado;1.1.202603.0000000012938234001;201;Lote Recebido com Sucesso.;;? (?);28/03/2026 19:21
21;S-1010;alteracao;2018-02;processado;1.1.202604.0000000012969626949;201;Lote processado com sucesso.;1.1.0000000039598012258;? (?), ? (?);04/04/2026 00:28
22;CONSULTA-IDENT;consulta;2024-12;sucesso;;203;Quantidade total de eventos encontrados de acordo com o filtro informado: 18. Data de envio do último evento retornado: 20/12/2024 16:56:21.;;;08/04/2026 07:59
23;CONSULTA-IDENT;consulta;2024-12;sucesso;;203;Quantidade total de eventos encontrados de acordo com o filtro informado: 18. Data de envio do último evento retornado: 20/12/2024 16:56:21.;;;08/04/2026 08:04
24;CONSULTA-IDENT;consulta;2024-12;sucesso;;203;Quantidade total de eventos encontrados de acordo com o filtro informado: 18. Data de envio do último evento retornado: 20/12/2024 16:56:21.;;;08/04/2026 08:07
25;DOWNLOAD-S5002;consulta;2024-12;limite_esgotado;;405;É possível enviar somente 10 solicitações por dia. Seu limite está esgotado. Tente novamente amanhã.;;;08/04/2026 08:07
26;DOWNLOAD-S5002;consulta;2024-12;limite_esgotado;;405;É possível enviar somente 10 solicitações por dia. Seu limite está esgotado. Tente novamente amanhã.;;;08/04/2026 08:07
27;CONSULTA-IDENT;consulta;2025-01;limite_esgotado;;405;É possível enviar somente 10 solicitações por dia. Seu limite está esgotado. Tente novamente amanhã.;;;08/04/2026 08:07
28;CONSULTA-IDENT;consulta;2024-12;limite_esgotado;;405;É possível enviar somente 10 solicitações por dia. Seu limite está esgotado. Tente novamente amanhã.;;;08/04/2026 08:11
29;CONSULTA-IDENT;consulta;2025-01;limite_esgotado;;405;É possível enviar somente 10 solicitações por dia. Seu limite está esgotado. Tente novamente amanhã.;;;08/04/2026 08:11
30;DOWNLOAD-S-5002;consulta;2024-12;erro;;;500 Server Error: System.ServiceModel.ServiceActivationException for url: https://webservices.download.esocial.gov.br/servicos/empregador/dwlcirurgico/WsSolicitarDownloadEventos.svc;;;08/04/2026 08:17
31;DOWNLOAD-S5002;consulta;2024-12;erro;;;500 Server Error: System.ServiceModel.ServiceActivationException for url: https://webservices.download.esocial.gov.br/servicos/empregador/dwlcirurgico/WsSolicitarDownloadEventos.svc;;;08/04/2026 08:17
32;DOWNLOAD-S-5001;consulta;2024-12;erro;;;500 Server Error: System.ServiceModel.ServiceActivationException for url: https://webservices.download.esocial.gov.br/servicos/empregador/dwlcirurgico/WsSolicitarDownloadEventos.svc;;;08/04/2026 08:17
33;CONSULTA-IDENT;consulta;2025-01;erro;;;500 Server Error: System.ServiceModel.ServiceActivationException for url: https://webservices.download.esocial.gov.br/servicos/empregador/dwlcirurgico/WsConsultarIdentificadoresEventos.svc;;;08/04/2026 08:17
34;DOWNLOAD-S-5002;consulta;2024-12;limite_esgotado;;405;É possível enviar somente 10 solicitações por dia. Seu limite está esgotado. Tente novamente amanhã.;;;08/04/2026 08:51
35;DOWNLOAD-S5002;consulta;2024-12;limite_esgotado;;405;É possível enviar somente 10 solicitações por dia. Seu limite está esgotado. Tente novamente amanhã.;;;08/04/2026 08:51
36;DOWNLOAD-S-5001;consulta;2024-12;limite_esgotado;;405;É possível enviar somente 10 solicitações por dia. Seu limite está esgotado. Tente novamente amanhã.;;;08/04/2026 08:51
37;CONSULTA-IDENT;consulta;2025-01;limite_esgotado;;405;É possível enviar somente 10 solicitações por dia. Seu limite está esgotado. Tente novamente amanhã.;;;08/04/2026 08:51
38;CONSULTA-IDENT;consulta;2024-12;sucesso;;203;Quantidade total de eventos encontrados de acordo com o filtro informado: 18. Data de envio do último evento retornado: 20/12/2024 16:56:21.;;;09/04/2026 13:07
39;DOWNLOAD-S5002;consulta;2024-12;erro;;402;Solicitação inválida. Redefina sua consulta;;;09/04/2026 13:07
40;CONSULTA-IDENT;consulta;2024-12;erro;;410;Intervalo máximo permitido de 31 dias;;;09/04/2026 13:34
41;CONSULTA-IDENT;consulta;2024-12;erro;;409;A data fim deve ser preenchida com data limite até uma hora a menos que a data atual.;;;09/04/2026 13:35
42;CONSULTA-IDENT;consulta;2024-12;sucesso;;203;Quantidade total de eventos encontrados de acordo com o filtro informado: 13. Data de envio do último evento retornado: 04/04/2026 03:02:22.;;;09/04/2026 13:35
43;DOWNLOAD-S5002;consulta;2024-12;sucesso;;201;Evento encontrado.;;;09/04/2026 13:35
46;S-1010;alteracao;2018-02;processado;1.1.202604.0000000012998117450;201;Lote Recebido com Sucesso.;1.1.0000000039805605437;? (?);09/04/2026 14:30
47;S-1010;alteracao;2026-01;erro;;402;Lote Incorreto - Schema Inválido.;;? (?), ? (?), ? (?), ? (?), ? (?);09/04/2026 14:33
48;S-1010;alteracao;2018-02;processado;1.1.202604.0000000012998156600;201;Lote Recebido com Sucesso.;1.1.0000000039805884030;? (?);09/04/2026 14:33
49;S-1010;alteracao;2018-02;processado;1.1.202604.0000000012998160921;201;Lote Recebido com Sucesso.;1.1.0000000039805925050;? (?);09/04/2026 14:34
50;S-1010;alteracao;2018-02;processado;1.1.202604.0000000012998163065;201;Lote Recebido com Sucesso.;1.1.0000000039805943156;? (?);09/04/2026 14:34
51;S-1010;alteracao;2018-02;erro;1.1.202604.0000000012998254040;201;Lote Recebido com Sucesso.;;? (?);09/04/2026 14:41
52;S-1010;alteracao;2018-02;erro;1.1.202604.0000000012998259194;201;Lote Recebido com Sucesso.;;? (?);09/04/2026 14:42
53;S-1010;alteracao;2018-02;erro;1.1.202604.0000000012998263722;201;Lote Recebido com Sucesso.;;? (?);09/04/2026 14:42
54;S-1010;alteracao;2018-02;erro;1.1.202604.0000000012998269611;201;Lote Recebido com Sucesso.;;? (?);09/04/2026 14:43
55;S-1010;alteracao;2018-02;erro;1.1.202604.0000000012998274697;201;Lote Recebido com Sucesso.;;? (?);09/04/2026 14:43
56;S-1010;alteracao;2018-02;erro;1.1.202604.0000000012998279673;201;Lote Recebido com Sucesso.;;? (?);09/04/2026 14:44
57;S-1010;alteracao;2018-02;erro;1.1.202604.0000000012998284119;201;Lote Recebido com Sucesso.;;? (?);09/04/2026 14:44
58;S-1010;alteracao;2018-02;erro;1.1.202604.0000000012998289826;201;Lote Recebido com Sucesso.;;? (?);09/04/2026 14:45
59;S-1010;alteracao;2018-02;processado;1.1.202604.0000000012998291469;201;Lote Recebido com Sucesso.;1.1.0000000039806852633;? (?);09/04/2026 14:45
60;S-1010;alteracao;2018-02;processado;1.1.202604.0000000012998293854;201;Lote Recebido com Sucesso.;1.1.0000000039806873303;? (?);09/04/2026 14:45
61;S-1010;alteracao;2018-02;processado;1.1.202604.0000000012998296071;201;Lote Recebido com Sucesso.;1.1.0000000039806888621;? (?);09/04/2026 14:45
62;S-1010;alteracao;2018-02;erro;1.1.202604.0000000012998296559;201;Lote Recebido com Sucesso.;;? (?);09/04/2026 14:45
63;S-1010;alteracao;2018-02;processado;1.1.202604.0000000012998298389;201;Lote Recebido com Sucesso.;1.1.0000000039806904283;? (?);09/04/2026 14:45
64;S-1010;alteracao;2018-02;processado;1.1.202604.0000000012998300847;201;Lote Recebido com Sucesso.;1.1.0000000039806921516;? (?);09/04/2026 14:46
65;S-1010;alteracao;2018-02;erro;1.1.202604.0000000012998303112;201;Lote Recebido com Sucesso.;;? (?);09/04/2026 14:46
66;S-1010;alteracao;2018-02;processado;1.1.202604.0000000012998303595;201;Lote Recebido com Sucesso.;1.1.0000000039806939810;? (?);09/04/2026 14:46
67;S-1010;alteracao;2018-02;processado;1.1.202604.0000000012998306175;201;Lote Recebido com Sucesso.;1.1.0000000039806961681;? (?);09/04/2026 14:46
68;S-1010;alteracao;2018-02;erro;1.1.202604.0000000012998310003;201;Lote Recebido com Sucesso.;;? (?);09/04/2026 14:47
69;S-1010;alteracao;2018-02;processado;1.1.202604.0000000012998310765;201;Lote Recebido com Sucesso.;1.1.0000000039806990223;? (?);09/04/2026 14:47
70;S-1010;alteracao;2018-02;processado;1.1.202604.0000000012998312810;201;Lote Recebido com Sucesso.;1.1.0000000039807004541;? (?);09/04/2026 14:47
71;S-1010;alteracao;2018-02;processado;1.1.202604.0000000012998314837;201;Lote Recebido com Sucesso.;1.1.0000000039807017979;? (?);09/04/2026 14:47
72;S-1010;alteracao;2018-02;erro;1.1.202604.0000000012998315201;201;Lote Recebido com Sucesso.;;? (?);09/04/2026 14:47
73;S-1010;alteracao;2018-02;processado;1.1.202604.0000000012998316987;201;Lote Recebido com Sucesso.;1.1.0000000039807032858;? (?);09/04/2026 14:47
74;S-1010;alteracao;2018-02;processado;1.1.202604.0000000012998318978;201;Lote Recebido com Sucesso.;1.1.0000000039807046421;? (?);09/04/2026 14:47
75;S-1010;alteracao;2018-02;processado;1.1.202604.0000000012998321016;201;Lote Recebido com Sucesso.;1.1.0000000039807060440;? (?);09/04/2026 14:48
76;S-1010;alteracao;2018-02;erro;1.1.202604.0000000012998321453;201;Lote Recebido com Sucesso.;;? (?);09/04/2026 14:48
77;S-1010;alteracao;2018-02;processado;1.1.202604.0000000012998323210;201;Lote Recebido com Sucesso.;1.1.0000000039807073472;? (?);09/04/2026 14:48
78;S-1010;alteracao;2018-02;processado;1.1.202604.0000000012998325338;201;Lote Recebido com Sucesso.;1.1.0000000039807086850;? (?);09/04/2026 14:48
79;S-1010;alteracao;2018-02;erro;1.1.202604.0000000012998326805;201;Lote Recebido com Sucesso.;;? (?);09/04/2026 14:48
80;S-1010;alteracao;2018-02;erro;1.1.202604.0000000012998327633;201;Lote Recebido com Sucesso.;;? (?);09/04/2026 14:48
81;S-1010;alteracao;2018-02;erro;1.1.202604.0000000012998331842;201;Lote Recebido com Sucesso.;;? (?);09/04/2026 14:49
82;S-1010;alteracao;2018-02;erro;1.1.202604.0000000012998333291;201;Lote Recebido com Sucesso.;;? (?);09/04/2026 14:49
83;S-1010;alteracao;2018-02;processado;1.1.202604.0000000012998334654;201;Lote Recebido com Sucesso.;1.1.0000000039807155105;? (?);09/04/2026 14:49
84;S-1010;alteracao;2018-02;processado;1.1.202604.0000000012998336841;201;Lote Recebido com Sucesso.;1.1.0000000039807170333;? (?);09/04/2026 14:49
85;S-1010;alteracao;2018-02;processado;1.1.202604.0000000012998338976;201;Lote Recebido com Sucesso.;1.1.0000000039807184208;? (?);09/04/2026 14:49
86;S-1010;alteracao;2018-02;erro;1.1.202604.0000000012998339382;201;Lote Recebido com Sucesso.;;? (?);09/04/2026 14:49
87;S-1010;alteracao;2018-02;erro;1.1.202604.0000000012998341172;201;Lote Recebido com Sucesso.;;? (?);09/04/2026 14:50
88;S-1010;alteracao;2018-02;erro;1.1.202604.0000000012998344608;201;Lote Recebido com Sucesso.;;? (?);09/04/2026 14:50
89;S-1010;alteracao;2018-02;processado;1.1.202604.0000000012998348604;201;Lote Recebido com Sucesso.;1.1.0000000039807264019;? (?);09/04/2026 14:50
90;S-1010;alteracao;2018-02;processado;1.1.202604.0000000012998351036;201;Lote Recebido com Sucesso.;1.1.0000000039807278446;? (?);09/04/2026 14:50
91;S-1010;alteracao;2018-02;erro;1.1.202604.0000000012998351651;201;Lote Recebido com Sucesso.;;? (?);09/04/2026 14:51
92;S-1010;alteracao;2018-02;processado;1.1.202604.0000000012998353718;201;Lote Recebido com Sucesso.;1.1.0000000039807294318;? (?);09/04/2026 14:51
93;S-1010;alteracao;2018-02;processado;1.1.202604.0000000012998356167;201;Lote Recebido com Sucesso.;1.1.0000000039807309311;? (?);09/04/2026 14:51
94;S-1010;alteracao;2018-02;erro;1.1.202604.0000000012998357795;201;Lote Recebido com Sucesso.;;? (?);09/04/2026 14:51
95;S-1010;alteracao;2018-02;processado;1.1.202604.0000000012998358665;201;Lote Recebido com Sucesso.;1.1.0000000039807324320;? (?);09/04/2026 14:51
96;S-1010;alteracao;2018-02;processado;1.1.202604.0000000012998361333;201;Lote Recebido com Sucesso.;1.1.0000000039807340048;? (?);09/04/2026 14:51
97;S-1010;alteracao;2018-02;processado;1.1.202604.0000000012998364218;201;Lote Recebido com Sucesso.;1.1.0000000039807359135;? (?);09/04/2026 14:52
98;S-1010;alteracao;2018-02;erro;1.1.202604.0000000012998365950;201;Lote Recebido com Sucesso.;;? (?);09/04/2026 14:52
99;S-1010;alteracao;2018-02;processado;1.1.202604.0000000012998366815;201;Lote Recebido com Sucesso.;1.1.0000000039807374366;? (?);09/04/2026 14:52
100;S-1010;alteracao;2018-02;processado;1.1.202604.0000000012998369017;201;Lote Recebido com Sucesso.;1.1.0000000039807388586;? (?);09/04/2026 14:52
101;S-1010;alteracao;2018-02;erro;1.1.202604.0000000012998371158;201;Lote Recebido com Sucesso.;;? (?);09/04/2026 14:52
102;S-1010;alteracao;2018-02;erro;1.1.202604.0000000012998371552;201;Lote Recebido com Sucesso.;;? (?);09/04/2026 14:52
103;S-1010;alteracao;2018-02;processado;1.1.202604.0000000012998374385;201;Lote Recebido com Sucesso.;1.1.0000000039807425444;? (?);09/04/2026 14:52
104;S-1010;alteracao;2018-02;processado;1.1.202604.0000000012998376536;201;Lote Recebido com Sucesso.;1.1.0000000039807441294;? (?);09/04/2026 14:53
105;S-1010;alteracao;2018-02;erro;1.1.202604.0000000012998378081;201;Lote Recebido com Sucesso.;;? (?);09/04/2026 14:53
106;S-1010;alteracao;2018-02;processado;1.1.202604.0000000012998378903;201;Lote Recebido com Sucesso.;1.1.0000000039807458393;? (?);09/04/2026 14:53
107;S-1010;alteracao;2018-02;processado;1.1.202604.0000000012998381085;201;Lote Recebido com Sucesso.;1.1.0000000039807475523;? (?);09/04/2026 14:53
108;S-1010;alteracao;2018-02;erro;1.1.202604.0000000012998383144;201;Lote Recebido com Sucesso.;;? (?);09/04/2026 14:53
109;S-1010;alteracao;2018-02;erro;1.1.202604.0000000012998383492;201;Lote Recebido com Sucesso.;;? (?);09/04/2026 14:53
110;S-1010;alteracao;2018-02;processado;1.1.202604.0000000012998384897;201;Lote Recebido com Sucesso.;1.1.0000000039807506168;? (?);09/04/2026 14:54
111;S-1010;alteracao;2018-02;processado;1.1.202604.0000000012998387064;201;Lote Recebido com Sucesso.;1.1.0000000039807522510;? (?);09/04/2026 14:54
112;S-1010;alteracao;2018-02;processado;1.1.202604.0000000012998389286;201;Lote Recebido com Sucesso.;1.1.0000000039807536993;? (?);09/04/2026 14:54
113;S-1010;alteracao;2018-02;erro;1.1.202604.0000000012998390317;201;Lote Recebido com Sucesso.;;? (?);09/04/2026 14:54
114;S-1010;alteracao;2026-01;erro;1.1.202604.0000000012998391863;201;Lote Recebido com Sucesso.;;? (?);09/04/2026 14:54
115;S-1010;alteracao;2018-02;processado;1.1.202604.0000000012998393973;201;Lote Recebido com Sucesso.;1.1.0000000039807574925;? (?);09/04/2026 14:54
116;S-1010;alteracao;2018-02;erro;1.1.202604.0000000012998395377;201;Lote Recebido com Sucesso.;;? (?);09/04/2026 14:54
117;S-1010;alteracao;2018-02;processado;1.1.202604.0000000012998397356;201;Lote Recebido com Sucesso.;1.1.0000000039807598891;? (?);09/04/2026 14:55
118;S-1010;alteracao;2018-02;processado;1.1.202604.0000000012998399295;201;Lote Recebido com Sucesso.;1.1.0000000039807613832;? (?);09/04/2026 14:55
119;S-1010;alteracao;2018-02;erro;1.1.202604.0000000012998401621;201;Lote Recebido com Sucesso.;;? (?);09/04/2026 14:55
120;S-1010;alteracao;2018-02;processado;1.1.202604.0000000012998402373;201;Lote Recebido com Sucesso.;1.1.0000000039807638071;? (?);09/04/2026 14:55
121;S-1010;alteracao;2018-02;processado;1.1.202604.0000000012998404450;201;Lote Recebido com Sucesso.;1.1.0000000039807659324;? (?);09/04/2026 14:55
122;S-1010;alteracao;2018-02;erro;1.1.202604.0000000012998406630;201;Lote Recebido com Sucesso.;;? (?);09/04/2026 14:56
123;S-1010;alteracao;2018-02;erro;1.1.202604.0000000012998407072;201;Lote Recebido com Sucesso.;;? (?);09/04/2026 14:56
124;S-1010;alteracao;2018-02;erro;1.1.202604.0000000012998412959;201;Lote Recebido com Sucesso.;;? (?);09/04/2026 14:56
125;S-1010;alteracao;2018-02;erro;1.1.202604.0000000012998422220;201;Lote Recebido com Sucesso.;;? (?);09/04/2026 14:57
126;S-1010;alteracao;2018-02;erro;1.1.202604.0000000012998431201;201;Lote Recebido com Sucesso.;;? (?);09/04/2026 14:58
127;S-1010;alteracao;2018-02;erro;1.1.202604.0000000012998439344;201;Lote Recebido com Sucesso.;;? (?);09/04/2026 14:59
128;S-1010;alteracao;2018-02;processado;1.1.202604.0000000012998454416;201;Lote Recebido com Sucesso.;1.1.0000000039808053137;? (?);09/04/2026 15:01
129;S-1010;alteracao;2018-02;processado;1.1.202604.0000000012998457672;201;Lote Recebido com Sucesso.;1.1.0000000039808081296;? (?);09/04/2026 15:01
130;S-1010;alteracao;2018-02;processado;1.1.202604.0000000012998460761;201;Lote Recebido com Sucesso.;1.1.0000000039808105988;? (?);09/04/2026 15:01
131;S-1010;alteracao;2018-02;processado;1.1.202604.0000000012998464032;201;Lote Recebido com Sucesso.;1.1.0000000039808135241;? (?);09/04/2026 15:02
132;S-1010;alteracao;2018-02;erro;1.1.202604.0000000012998466401;201;Lote Recebido com Sucesso.;;? (?);09/04/2026 15:02
133;S-1010;alteracao;2026-01;erro;1.1.202604.0000000012998467759;201;Lote Recebido com Sucesso.;;? (?);09/04/2026 15:02
134;S-1010;alteracao;2018-02;processado;1.1.202604.0000000012998469965;201;Lote Recebido com Sucesso.;1.1.0000000039808190449;? (?);09/04/2026 15:02
135;S-1010;alteracao;2018-02;processado;1.1.202604.0000000012998472110;201;Lote Recebido com Sucesso.;1.1.0000000039808207170;? (?);09/04/2026 15:02
136;S-1010;alteracao;2018-02;processado;1.1.202604.0000000012998473781;201;Lote Recebido com Sucesso.;1.1.0000000039808220561;? (?);09/04/2026 15:03
137;S-1010;alteracao;2018-02;processado;1.1.202604.0000000012998476440;201;Lote Recebido com Sucesso.;1.1.0000000039808239653;? (?);09/04/2026 15:03
138;S-1010;alteracao;2018-02;processado;1.1.202604.0000000012998477827;201;Lote Recebido com Sucesso.;1.1.0000000039808250386;? (?);09/04/2026 15:03
139;S-1010;alteracao;2018-02;processado;1.1.202604.0000000012998479255;201;Lote Recebido com Sucesso.;1.1.0000000039808261505;? (?);09/04/2026 15:03
140;S-1010;alteracao;2018-02;processado;1.1.202604.0000000012998480818;201;Lote Recebido com Sucesso.;1.1.0000000039808272373;? (?);09/04/2026 15:03
141;S-1010;alteracao;2018-02;processado;1.1.202604.0000000012998482149;201;Lote Recebido com Sucesso.;1.1.0000000039808282152;? (?);09/04/2026 15:04
142;S-1010;alteracao;2018-02;processado;1.1.202604.0000000012998483480;201;Lote Recebido com Sucesso.;1.1.0000000039808292821;? (?);09/04/2026 15:04
143;S-1010;alteracao;2018-02;processado;1.1.202604.0000000012998484789;201;Lote Recebido com Sucesso.;1.1.0000000039808304946;? (?);09/04/2026 15:04
144;S-1010;alteracao;2018-02;processado;1.1.202604.0000000012998488231;201;Lote Recebido com Sucesso.;1.1.0000000039808332931;? (?);09/04/2026 15:04
145;S-1010;alteracao;2018-02;processado;1.1.202604.0000000012998489903;201;Lote Recebido com Sucesso.;1.1.0000000039808345494;? (?);09/04/2026 15:05
146;S-1010;alteracao;2018-02;processado;1.1.202604.0000000012998492779;201;Lote Recebido com Sucesso.;1.1.0000000039808365869;? (?);09/04/2026 15:05
147;S-1010;alteracao;2018-02;processado;1.1.202604.0000000012998494100;201;Lote Recebido com Sucesso.;1.1.0000000039808377023;? (?);09/04/2026 15:05
148;S-1010;alteracao;2018-02;processado;1.1.202604.0000000012998495594;201;Lote Recebido com Sucesso.;1.1.0000000039808389250;? (?);09/04/2026 15:05
149;S-1010;alteracao;2018-02;processado;1.1.202604.0000000012998497098;201;Lote Recebido com Sucesso.;1.1.0000000039808402380;? (?);09/04/2026 15:05
150;S-1010;alteracao;2018-02;processado;1.1.202604.0000000012998498690;201;Lote Recebido com Sucesso.;1.1.0000000039808420226;? (?);09/04/2026 15:06
151;S-1010;alteracao;2018-02;processado;1.1.202604.0000000012998501187;201;Lote Recebido com Sucesso.;1.1.0000000039808441035;? (?);09/04/2026 15:06
152;S-1010;alteracao;2018-02;processado;1.1.202604.0000000012998502593;201;Lote Recebido com Sucesso.;1.1.0000000039808453512;? (?);09/04/2026 15:06
153;S-1010;alteracao;2018-02;processado;1.1.202604.0000000012998503934;201;Lote Recebido com Sucesso.;1.1.0000000039808464296;? (?);09/04/2026 15:06
154;S-1010;alteracao;2018-02;processado;1.1.202604.0000000012998505229;201;Lote Recebido com Sucesso.;1.1.0000000039808474601;? (?);09/04/2026 15:06
155;S-1010;alteracao;2018-02;processado;1.1.202604.0000000012998507682;201;Lote Recebido com Sucesso.;1.1.0000000039808496216;? (?);09/04/2026 15:07
156;S-1010;alteracao;2018-02;processado;1.1.202604.0000000012998509212;201;Lote Recebido com Sucesso.;1.1.0000000039808511660;? (?);09/04/2026 15:07
157;S-1010;alteracao;2018-02;processado;1.1.202604.0000000012998511067;201;Lote Recebido com Sucesso.;1.1.0000000039808532571;? (?);09/04/2026 15:07
158;S-1010;alteracao;2018-02;processado;1.1.202604.0000000012998513027;201;Lote Recebido com Sucesso.;1.1.0000000039808552344;? (?);09/04/2026 15:07
159;S-1010;alteracao;2018-02;processado;1.1.202604.0000000012998514149;201;Lote Recebido com Sucesso.;1.1.0000000039808570846;? (?);09/04/2026 15:08
160;S-1010;alteracao;2018-02;processado;1.1.202604.0000000012998520714;201;Lote Recebido com Sucesso.;1.1.0000000039808622061;? (?);09/04/2026 15:08
161;S-1010;alteracao;2018-02;processado;1.1.202604.0000000012998521943;201;Lote Recebido com Sucesso.;1.1.0000000039808633241;? (?);09/04/2026 15:09
162;S-1010;alteracao;2018-02;processado;1.1.202604.0000000012998523083;201;Lote Recebido com Sucesso.;1.1.0000000039808643310;? (?);09/04/2026 15:09
163;S-1010;alteracao;2018-02;processado;1.1.202604.0000000012998524313;201;Lote Recebido com Sucesso.;1.1.0000000039808652526;? (?);09/04/2026 15:09
164;S-1010;alteracao;2026-01;erro;1.1.202604.0000000012998525492;201;Lote Recebido com Sucesso.;;? (?);09/04/2026 15:09
165;S-1010;alteracao;2026-01;erro;1.1.202604.0000000012998526592;201;Lote Recebido com Sucesso.;;? (?);09/04/2026 15:09
166;S-1010;alteracao;2018-02;processado;1.1.202604.0000000012998527709;201;Lote Recebido com Sucesso.;1.1.0000000039808680815;? (?);09/04/2026 15:09
167;S-1010;alteracao;2018-02;processado;1.1.202604.0000000012998528945;201;Lote Recebido com Sucesso.;1.1.0000000039808688748;? (?);09/04/2026 15:10
168;S-1010;alteracao;2018-02;erro;1.1.202604.0000000012998530276;201;Lote Recebido com Sucesso.;;? (?);09/04/2026 15:10
169;S-1010;alteracao;2018-02;processado;1.1.202604.0000000012998531421;201;Lote Recebido com Sucesso.;1.1.0000000039808706614;? (?);09/04/2026 15:10
170;S-1010;alteracao;2018-02;processado;1.1.202604.0000000012998532586;201;Lote Recebido com Sucesso.;1.1.0000000039808716993;? (?);09/04/2026 15:10
171;S-1010;alteracao;2018-02;processado;1.1.202604.0000000012998533708;201;Lote Recebido com Sucesso.;1.1.0000000039808726479;? (?);09/04/2026 15:10
172;S-1010;alteracao;2018-02;processado;1.1.202604.0000000012998534986;201;Lote Recebido com Sucesso.;1.1.0000000039808735929;? (?);09/04/2026 15:10
173;S-1010;alteracao;2018-02;processado;1.1.202604.0000000012998536151;201;Lote Recebido com Sucesso.;1.1.0000000039808745934;? (?);09/04/2026 15:11
174;S-1010;alteracao;2018-02;processado;1.1.202604.0000000012998537435;201;Lote Recebido com Sucesso.;1.1.0000000039808759853;? (?);09/04/2026 15:11
175;S-1010;alteracao;2018-02;processado;1.1.202604.0000000012998538698;201;Lote Recebido com Sucesso.;1.1.0000000039808769537;? (?);09/04/2026 15:11
176;S-1010;alteracao;2018-02;processado;1.1.202604.0000000012998539928;201;Lote Recebido com Sucesso.;1.1.0000000039808778525;? (?);09/04/2026 15:11
177;S-1010;alteracao;2018-02;erro;1.1.202604.0000000012998541097;201;Lote Recebido com Sucesso.;;? (?);09/04/2026 15:11
178;S-1010;alteracao;2018-02;processado;1.1.202604.0000000012998550344;201;Lote Recebido com Sucesso.;1.1.0000000039808861778;? (?);09/04/2026 15:13
179;S-1010;alteracao;2018-02;processado;1.1.202604.0000000012998551544;201;Lote Recebido com Sucesso.;1.1.0000000039808875020;? (?);09/04/2026 15:13
180;S-1010;alteracao;2018-02;processado;1.1.202604.0000000012998552698;201;Lote Recebido com Sucesso.;1.1.0000000039808888781;? (?);09/04/2026 15:13
181;S-1010;alteracao;2026-01;erro;1.1.202604.0000000012998553946;201;Lote Recebido com Sucesso.;;? (?);09/04/2026 15:13
182;S-1010;alteracao;2018-02;processado;1.1.202604.0000000012998555130;201;Lote Recebido com Sucesso.;1.1.0000000039808909903;? (?);09/04/2026 15:13
183;S-1010;alteracao;2018-02;processado;1.1.202604.0000000012998556356;201;Lote Recebido com Sucesso.;1.1.0000000039808919702;? (?);09/04/2026 15:13
184;S-1010;alteracao;2018-02;processado;1.1.202604.0000000012998558429;201;Lote Recebido com Sucesso.;1.1.0000000039808936726;? (?);09/04/2026 15:14
185;S-1010;alteracao;2018-02;processado;1.1.202604.0000000012998559546;201;Lote Recebido com Sucesso.;1.1.0000000039808946301;? (?);09/04/2026 15:14
186;S-1010;alteracao;2019-04;erro;1.1.202604.0000000012998560896;201;Lote Recebido com Sucesso.;;? (?);09/04/2026 15:14
187;S-1010;alteracao;2019-04;erro;1.1.202604.0000000012998561989;201;Lote Recebido com Sucesso.;;? (?);09/04/2026 15:14
188;S-1010;alteracao;2018-02;processado;1.1.202604.0000000012998563063;201;Lote Recebido com Sucesso.;1.1.0000000039808977444;? (?);09/04/2026 15:14
189;S-1010;alteracao;2018-02;processado;1.1.202604.0000000012998564288;201;Lote Recebido com Sucesso.;1.1.0000000039808986849;? (?);09/04/2026 15:14
190;S-1010;alteracao;2018-02;processado;1.1.202604.0000000012998565505;201;Lote Recebido com Sucesso.;1.1.0000000039808996447;? (?);09/04/2026 15:15
191;S-1010;alteracao;2018-02;processado;1.1.202604.0000000012998566881;201;Lote Recebido com Sucesso.;1.1.0000000039809006137;? (?);09/04/2026 15:15
192;S-1010;alteracao;2018-02;processado;1.1.202604.0000000012998568210;201;Lote Recebido com Sucesso.;1.1.0000000039809016461;? (?);09/04/2026 15:15
193;S-1010;alteracao;2018-02;processado;1.1.202604.0000000012998569810;201;Lote Recebido com Sucesso.;1.1.0000000039809025605;? (?);09/04/2026 15:15
194;S-1010;alteracao;2018-02;processado;1.1.202604.0000000012998571510;201;Lote Recebido com Sucesso.;1.1.0000000039809036689;? (?);09/04/2026 15:15
195;S-1010;alteracao;2018-02;processado;1.1.202604.0000000012998573072;201;Lote Recebido com Sucesso.;1.1.0000000039809047886;? (?);09/04/2026 15:15
196;S-1010;alteracao;2018-02;processado;1.1.202604.0000000012998574299;201;Lote Recebido com Sucesso.;1.1.0000000039809057904;? (?);09/04/2026 15:16
197;S-1010;alteracao;2018-02;processado;1.1.202604.0000000012998576016;201;Lote Recebido com Sucesso.;1.1.0000000039809070476;? (?);09/04/2026 15:16
198;S-1010;alteracao;2018-02;processado;1.1.202604.0000000012998577102;201;Lote Recebido com Sucesso.;1.1.0000000039809080558;? (?);09/04/2026 15:16
199;S-1010;alteracao;2018-02;processado;1.1.202604.0000000012998578043;201;Lote Recebido com Sucesso.;1.1.0000000039809090199;? (?);09/04/2026 15:16
200;S-1010;alteracao;2018-02;processado;1.1.202604.0000000012998579088;201;Lote Recebido com Sucesso.;1.1.0000000039809099521;? (?);09/04/2026 15:16
201;S-1010;alteracao;2018-02;processado;1.1.202604.0000000012998580394;201;Lote Recebido com Sucesso.;1.1.0000000039809107714;? (?);09/04/2026 15:17
202;S-1010;alteracao;2026-01;erro;1.1.202604.0000000012998581525;201;Lote Recebido com Sucesso.;;? (?);09/04/2026 15:17
203;S-1010;alteracao;2018-02;processado;1.1.202604.0000000012998582649;201;Lote Recebido com Sucesso.;1.1.0000000039809124400;? (?);09/04/2026 15:17
204;S-1010;alteracao;2018-02;processado;1.1.202604.0000000012998583647;201;Lote Recebido com Sucesso.;1.1.0000000039809132934;? (?);09/04/2026 15:17
205;S-1010;alteracao;2018-02;erro;1.1.202604.0000000012998585191;201;Lote Recebido com Sucesso.;;? (?);09/04/2026 15:17
206;S-1010;alteracao;2018-02;processado;1.1.202604.0000000012998586434;201;Lote Recebido com Sucesso.;1.1.0000000039809155060;? (?);09/04/2026 15:17
207;S-1010;alteracao;2018-02;processado;1.1.202604.0000000012998587557;201;Lote Recebido com Sucesso.;1.1.0000000039809164493;? (?);09/04/2026 15:18
208;S-1010;alteracao;2018-02;processado;1.1.202604.0000000012998588683;201;Lote Recebido com Sucesso.;1.1.0000000039809173618;? (?);09/04/2026 15:18
209;S-1010;alteracao;2018-02;processado;1.1.202604.0000000012998589832;201;Lote Recebido com Sucesso.;1.1.0000000039809184051;? (?);09/04/2026 15:18
210;S-1010;inclusao;2026-01;processado;1.1.202604.0000000012998702958;201;Lote Recebido com Sucesso.;1.1.0000000039809904483;? (?);09/04/2026 15:34
211;S-1010;inclusao;2026-01;processado;1.1.202604.0000000012998704558;201;Lote Recebido com Sucesso.;1.1.0000000039809915638;? (?);09/04/2026 15:34
212;S-1010;inclusao;2026-01;processado;1.1.202604.0000000012998708290;201;Lote Recebido com Sucesso.;1.1.0000000039809936183;? (?);09/04/2026 15:35
213;S-1010;inclusao;2026-01;processado;1.1.202604.0000000012998710598;201;Lote Recebido com Sucesso.;1.1.0000000039809949495;? (?);09/04/2026 15:35
214;S-1010;inclusao;2026-01;processado;1.1.202604.0000000012998711841;201;Lote Recebido com Sucesso.;1.1.0000000039809956533;? (?);09/04/2026 15:35
215;S-1010;inclusao;2026-01;processado;1.1.202604.0000000012998714109;201;Lote Recebido com Sucesso.;1.1.0000000039809968104;? (?);09/04/2026 15:36
216;S-1010;inclusao;2026-01;processado;1.1.202604.0000000012998717172;201;Lote Recebido com Sucesso.;1.1.0000000039809986641;? (?);09/04/2026 15:36
217;S-1010;inclusao;2026-01;processado;1.1.202604.0000000012998718314;201;Lote Recebido com Sucesso.;1.1.0000000039809993041;? (?);09/04/2026 15:36
218;S-1010;alteracao;2026-01;erro;1.1.202604.0000000012998753207;201;Lote Recebido com Sucesso.;;? (?);09/04/2026 15:43
219;S-1010;alteracao;2026-01;erro;1.1.202604.0000000012998753953;201;Lote Recebido com Sucesso.;;? (?);09/04/2026 15:44
220;S-1010;alteracao;2026-01;erro;1.1.202604.0000000012998754730;201;Lote Recebido com Sucesso.;;? (?);09/04/2026 15:44
221;S-1010;alteracao;2026-01;erro;1.1.202604.0000000012998755573;201;Lote Recebido com Sucesso.;;? (?);09/04/2026 15:44
222;S-1010;alteracao;2026-01;erro;1.1.202604.0000000012998756375;201;Lote Recebido com Sucesso.;;? (?);09/04/2026 15:44
223;S-1010;alteracao;2026-01;erro;1.1.202604.0000000012998757152;201;Lote Recebido com Sucesso.;;? (?);09/04/2026 15:44
224;S-1010;alteracao;2026-01;erro;1.1.202604.0000000012998757862;201;Lote Recebido com Sucesso.;;? (?);09/04/2026 15:44
225;S-1010;alteracao;2026-01;erro;1.1.202604.0000000012998758598;201;Lote Recebido com Sucesso.;;? (?);09/04/2026 15:44
226;S-1010;alteracao;2026-01;erro;1.1.202604.0000000012998759433;201;Lote Recebido com Sucesso.;;? (?);09/04/2026 15:45
227;S-1010;alteracao;2026-01;erro;1.1.202604.0000000012998760190;201;Lote Recebido com Sucesso.;;? (?);09/04/2026 15:45
228;S-1010;alteracao;2026-01;erro;1.1.202604.0000000012998760915;201;Lote Recebido com Sucesso.;;? (?);09/04/2026 15:45
229;S-1010;alteracao;2026-01;erro;1.1.202604.0000000012998761639;201;Lote Recebido com Sucesso.;;? (?);09/04/2026 15:45
230;S-1010;alteracao;2026-01;erro;1.1.202604.0000000012998762409;201;Lote Recebido com Sucesso.;;? (?);09/04/2026 15:45
231;S-1010;alteracao;2026-01;erro;1.1.202604.0000000012998763191;201;Lote Recebido com Sucesso.;;? (?);09/04/2026 15:45
232;S-1010;alteracao;2026-01;erro;1.1.202604.0000000012998763961;201;Lote Recebido com Sucesso.;;? (?);09/04/2026 15:46
233;S-1010;alteracao;2026-01;erro;1.1.202604.0000000012998805351;201;Lote Recebido com Sucesso.;;? (?);09/04/2026 15:53
234;S-1010;inclusao;2026-01;processado;1.1.202604.0000000012998815701;201;Lote Recebido com Sucesso.;1.1.0000000039810723942;? (?);09/04/2026 15:55
235;S-1010;alteracao;2026-01;processado;1.1.202604.0000000012998886182;201;Lote Recebido com Sucesso.;1.1.0000000039811176255;? (?);09/04/2026 16:06
236;S-1010;alteracao;2026-01;processado;1.1.202604.0000000012998926857;201;Lote Recebido com Sucesso.;1.1.0000000039811426842;? (?);09/04/2026 16:12
237;S-1010;alteracao;2026-01;erro;1.1.202604.0000000012998945875;201;Lote Recebido com Sucesso.;;? (?);09/04/2026 16:14
238;S-1010;inclusao;2026-01;processado;1.1.202604.0000000012998977516;201;Lote Recebido com Sucesso.;1.1.0000000039811644028;? (?);09/04/2026 16:17
239;S-1010;inclusao;2018-02;erro;1.1.202604.0000000013005946569;201;Lote Recebido com Sucesso.;;? (?);10/04/2026 14:39
240;S-1010;alteracao;2018-02;processado;1.1.202604.0000000013005971101;201;Lote Recebido com Sucesso.;1.1.0000000039857594755;? (?);10/04/2026 14:41
241;S-1010;alteracao;2018-02;processado;1.1.202604.0000000013006158042;201;Lote Recebido com Sucesso.;1.1.0000000039858845523;? (?);10/04/2026 15:01
