codigo,nome,dt_inicio,dt_fim,descricao,versao
1000,"Salário, vencimento, soldo",2014-01-01,,Corresponde ao salário básico contratual do empregado contratado de acordo com a CLT e o vencimento mensal do servidor público e do militar,17
1001,Subsídio,2014-01-01,,Corresponde à remuneração paga na forma de subsídio,17
1002,Descanso semanal remunerado - DSR,2014-01-01,,"Valor correspondente a um dia de trabalho incidente sobre as verbas de natureza variável, tais como: horas extras, adicional noturno, produção, comissão, etc.",17
1003,Horas extraordinárias,2014-01-01,,"Valor correspondente à hora extraordinária de trabalho, acrescido de percentual de no mínimo 50%",17
1004,Horas extraordinárias - Banco de horas,2014-01-01,,"Valor correspondente a pagamento das horas extraordinárias, inicialmente destinadas para o banco de horas e que não foram compensadas",17
1005,Direito de arena,2014-01-01,,"Valores relativos a direito de arena decorrente do espetáculo, devidos ao atleta",17
1006,Intervalos intra e inter jornadas não concedidos,2014-01-01,,Valores relativos a intervalos não concedidos de intrajornada ou interjornada,17
1007,Luvas e premiações,2014-01-01,,"Valores correspondentes a prêmios e luvas, devidos ao atleta",17
1009,Salário-família - Complemento,2014-01-01,,Valor excedente ao do fixado pela previdência social para o salário-família,17
1010,Salário in natura - Pagos em bens ou serviços,2014-01-01,,"Salário in natura, também conhecido por salário utilidade, correspondente a remunerações pagas em bens ou serviços",17
1011,Sobreaviso e prontidão,2014-01-01,,Valor correspondente a um percentual da hora normal de trabalho,17
1012,Descanso semanal remunerado - DSR e feriado,2014-01-01,,"Valores correspondentes a DSR e feriado: a) devidos a trabalhadores cuja remuneração não inclua o pagamento do descanso semanal remunerado (horistas, diaristas, semanalistas etc.); b) incidentes sobre parcelas salariais de natureza variável, tais como tarefa, horas extras, adicional noturno, produção, comissão etc.; c) devidos a trabalhadores que prestaram serviços nos dias de repouso semanal e feriado",17
1016,Férias,2014-01-01,,"Valor correspondente à remuneração devida na época da concessão das férias, inclusive o adiantamento de férias. Nessa natureza deve ser classificado também o valor pago mensalmente ao trabalhador avulso e ao empregado com contrato de trabalho intermitente, a título de férias",17
1017,Terço constitucional de férias,2014-01-01,,"Valor correspondente ao terço constitucional de férias relativo à remuneração devida na época da concessão das férias, inclusive o adiantamento de férias. Nessa natureza deve ser classificado também o valor pago mensalmente ao trabalhador avulso e ao empregado com contrato de trabalho intermitente, a título de terço constitucional de férias",17
1018,Férias - Abono ou gratificação de férias superior a 20 dias,2014-01-01,,"Remuneração a título de abono de férias, desde que excedente a 20 (vinte) dias do salário e concedido em virtude de cláusula contratual, do regulamento da empresa, de convenção ou acordo coletivo, como por exemplo, o art. 144 da CLT",17
1019,Terço constitucional de férias - Abono ou gratificação de férias superior a 20 dias,2014-01-01,,"Terço constitucional de férias incidente sobre remuneração a título de abono de férias, desde que excedente a 20 (vinte) dias do salário e concedido em virtude de cláusula contratual, do regulamento da empresa, de convenção ou acordo coletivo, como por exemplo, o art. 144 da CLT",17
1020,Férias,2014-01-01,2023-04-30,"Valor correspondente à remuneração a que faz jus na época da concessão das férias e o adicional constitucional a que o trabalhador adquiriu direito, inclusive o adiantamento de férias, quando pagas antecipadamente  nessa opção deve ser classificado também o valor pago mensalmente ao trabalhador avulso e ao empregado com contrato de trabalho intermitente, a título de férias",17
1021,Férias - Abono ou gratificação de férias superior a 20 dias,2014-01-01,2023-04-30,"Remuneração a título de abono de férias, desde que excedente a 20 (vinte) dias do salário e concedido em virtude de cláusula contratual, do regulamento da empresa, de convenção ou acordo coletivo, como por exemplo, o art. 144 da CLT",17
1022,Férias - Abono ou gratificação de férias não excedente a 20 dias,2014-01-01,,"Remuneração a título de abono de férias, incluído o terço constitucional de férias, desde que não excedente a 20 (vinte) dias do salário e concedido em virtude de cláusula contratual, do regulamento da empresa, de convenção ou acordo coletivo, como por exemplo o art. 144 da CLT",17
1023,Férias - Abono pecuniário,2014-01-01,,"Valor correspondente a conversão em dinheiro de parte dos dias de férias a que o trabalhador adquiriu direito, inclusive o adicional constitucional",17
1024,Férias - Dobro na vigência do contrato,2014-01-01,,"Valor correspondente a remuneração a que faz jus na época da concessão das férias, concedidas após o prazo de concessão, inclusive o adicional constitucional",17
1040,Licença-prêmio,2014-01-01,,"Valor relativo a licença-prêmio, em decorrência de afastamento do trabalho",17
1041,Licença-prêmio indenizada,2014-01-01,,Valor correspondente à conversão em dinheiro da licença-prêmio,17
1050,Remuneração de dias de afastamento,2014-01-01,,Remuneração de dias nos quais o trabalhador esteja afastado do trabalho sem prejuízo de sua remuneração,17
1080,Stock option,2014-01-01,,Remuneração pelo exercício de opção de compra de ações da empresa,17
1099,Outras verbas salariais,2014-01-01,,Outras verbas salariais não previstas nos demais itens,17
1201,Adicional de função / cargo confiança,2014-01-01,,Adicional ou gratificação concedida em virtude de cargo ou função de confiança,17
1202,Adicional de insalubridade,2014-01-01,,Adicional por serviços em condições de insalubridade,17
1203,Adicional de periculosidade,2014-01-01,,Adicional por serviços em condições perigosas,17
1204,Adicional de transferência,2014-01-01,,"Adicional em razão de transferência de trabalhador, enquanto durar a transferência",17
1205,Adicional noturno,2014-01-01,,Adicional por trabalho em horário noturno,17
1206,Adicional por tempo de serviço,2014-01-01,,"Adicional em virtude do tempo de serviço (anuênio, quinquênio, etc.)",17
1207,"Comissões, porcentagens, produção",2014-01-01,,"Valor correspondente a contraprestação de serviço, normalmente baseada em um percentual sobre as vendas totais desse trabalhador",17
1208,Gueltas ou gorjetas - Repassadas por fornecedores ou clientes,2014-01-01,,Valores pagos diretamente por fornecedores a trabalhador a título de incentivos de vendas (gueltas) ou por clientes a título de recompensa por bons serviços prestados (gorjetas),17
1209,Gueltas ou gorjetas - Repassadas pelo empregador,2014-01-01,,"Valores pagos relativos a gueltas ou gorjetas, por meio de repasse ao empregador",17
1210,Gratificação por acordo ou convenção coletiva,2014-01-01,,Verba estabelecida em acordo ou convenção coletiva de trabalho,17
1211,Gratificações,2014-01-01,,"Verba não estabelecida em acordo ou convenção coletiva, mas paga para o empregado em decorrência de ajuste entre as partes ou por liberalidade do empregador, como por exemplo produtividade, assiduidade, etc.",17
1212,Gratificações ou outras verbas de natureza permanente,2014-01-01,,"Órgão público - Parcelas remuneratórias reconhecidamente inerentes às funções do cargo efetivo, cujo valor integra a remuneração do cargo efetivo",17
1213,Gratificações ou outras verbas de natureza transitória,2014-01-01,,Órgão público - Parcelas remuneratórias vinculadas à atividade cujo recebimento dependa de avaliação de desempenho ou determinadas condições,17
1214,Adicional de penosidade,2014-01-01,,"Adicional pela realização de atividade árdua que exija do trabalhador esforço, atenção ou vigilância acima do comum",17
1215,Adicional de unidocência,2014-01-01,,Adicional de unidocência para professores de 1ª a 4ª série,17
1216,Adicional de localidade,2014-01-01,,Adicional pela realização de atividade em localidade transfronteiriça,17
1217,Gratificação de curso/concurso,2014-01-01,,Verba de natureza remuneratória por atividade exercida em curso/concurso,17
1225,Quebra de caixa,2014-01-01,,"Valor destinado a cobrir os riscos assumidos por quem trabalha com manuseio de valores, para compensar eventuais descontos ou diferenças de numerários",17
1230,Remuneração do dirigente sindical,2014-01-01,,"Remuneração paga ao trabalhador afastado, durante o exercício da atividade sindical",17
1299,Outros adicionais,2014-01-01,,Valores relativos a outros adicionais não previstos nos demais itens,17
1300,PLR - Participação em Lucros ou Resultados,2014-01-01,,"Valor correspondente a participação em lucros ou resultados da empresa, de acordo com lei específica",17
1350,Bolsa de estudo - Estagiário,2014-01-01,,"Valor devido ao estagiário em atividades práticas de complementação do currículo escolar, inclusive os valores pagos a título de recesso remunerado - Lei 11.788/2008",17
1351,Bolsa de estudo - Médico residente,2014-01-01,,Bolsa de estudo ao médico residente,17
1352,Bolsa de estudo ou pesquisa,2014-01-01,,"Remuneração a professores, pesquisadores e demais profissionais com a finalidade de estudos ou pesquisa, exceto pagamentos a estagiário e médico-residente",17
1401,Abono,2014-01-01,,"Qualquer abono concedido de forma espontânea ou em virtude de acordo ou convenção coletiva, norma, etc.",17
1402,Abono PIS/PASEP,2014-01-01,,Abono e/ou rendimento do PIS/PASEP repassado pelo empregador ou órgão público,17
1403,Abono legal,2014-01-01,,"As importâncias recebidas a título de ganhos eventuais e os abonos expressamente desvinculados do salário, por força da lei",17
1404,Auxílio babá,2014-01-01,,"Valor relativo a reembolso de despesas com babá, limitado ao menor salário de contribuição mensal e condicionado à comprovação do registro na carteira de trabalho e previdência social da empregada, do pagamento da remuneração e do recolhimento da contribuição previdenciária, pago em conformidade com a legislação trabalhista, observado o limite máximo de 6 (seis) anos de idade da criança (caso haja previsão em acordo coletivo da categoria, este limite de idade poderá ser maior)",17
1405,Assistência médica,2014-01-01,,"Valor pago diretamente ao trabalhador a título de assistência médica ou odontológica, inclusive o reembolso de despesas com medicamentos, óculos, aparelhos ortopédicos, despesas médico-hospitalares e outras similares",17
1406,Auxílio-creche,2014-01-01,,"O reembolso creche pago em conformidade com a legislação trabalhista, observado o limite máximo de 6 (seis) anos de idade da criança, quando devidamente comprovadas as despesas realizadas. Caso haja previsão em acordo coletivo da categoria, este limite de idade poderá ser maior.",17
1407,Auxílio-educação,2014-01-01,,"Valor relativo a plano educacional, ou bolsa de estudo, que vise à educação básica de trabalhadores e seus dependentes e, desde que vinculada às atividades desenvolvidas pela empresa, à educação profissional e tecnológica de trabalhadores, nos termos da Lei 9.394/1996, e: 1) não seja utilizado em substituição de parcela salarial; 2) o valor mensal do plano educacional ou bolsa de estudo, considerado individualmente, não ultrapasse 5% (cinco por cento) da remuneração do segurado a que se destina ou o valor correspondente a uma vez e meia o valor do limite mínimo mensal do salário de contribuição, o que for maior",17
1409,Salário-família,2014-01-01,,"Valor do salário-família, conforme definição legal aplicável",17
1410,Auxílio - Locais de difícil acesso,2014-01-01,,"Valor correspondente a transporte, habitação e alimentação fornecido ao trabalhador contratado para prestar serviço em localidade distante da sua residência, em canteiro de obras ou local que, por força da atividade, exija deslocamento e estada",17
1411,Auxílio-natalidade,2014-01-01,,"Valor relativo ao nascimento do filho de servidor público, previsto em lei",17
1412,Abono permanência,2014-01-01,,"Valor relativo ao abono de permanência, de acordo com a CF/1988",17
1601,Ajuda de custo - Aeronauta,2014-01-01,,"Adicional mensal recebidos pelo aeronauta, nos termos da Lei 5.929/1973",17
1602,Ajuda de custo de transferência,2014-01-01,,"Ajuda de custo em parcela única, em razão de transferência de local de trabalho",17
1603,Ajuda de custo,2019-04-01,,Ajuda de custo paga ao trabalhador,17
1604,Ajuda de custo - Acima de 50% da remuneração mensal,2018-05-01,2019-03-31,"Ajuda de custo paga ao trabalhador, superior a 50% da sua remuneração mensal",17
1619,Ajuda compensatória - Programa Emergencial de Manutenção do Emprego e da Renda,2020-04-01,,Ajuda compensatória paga pelo empregador ao empregado durante período de suspensão do contrato de trabalho ou redução proporcional de salário e jornada,17
1620,Ressarcimento de despesas pelo uso de veículo próprio,2014-01-01,,"Ressarcimento de despesas ao trabalhador, pela utilização de veículo de sua propriedade",17
1621,"Ressarcimento de despesas de viagem, exceto despesas com veículos",2014-01-01,,Ressarcimento de despesas pagas com recursos do trabalhador em viagens a trabalho,17
1623,Ressarcimento de provisão,2014-01-01,,Ressarcimento de desconto efetuado em recibos de férias relativo a provisão de contribuição previdenciária,17
1629,Ressarcimento de outras despesas,2014-01-01,,"Ressarcimento de outras despesas pagas pelo trabalhador, não previstas nos demais itens",17
1650,Diárias de viagem,2018-05-01,,Diárias de viagem ao trabalhador,17
1651,Diárias de viagem - Até 50% do salário,2014-01-01,2018-04-30,"Diárias de viagem ao trabalhador, desde que não exceda a 50% do seu salário-base mensal",17
1652,Diárias de viagem - Acima de 50% do salário,2014-01-01,2018-04-30,Diárias de viagem superior a 50% do salário-base mensal,17
1800,Alimentação concedida em pecúnia,2014-01-01,,Alimentação concedida sob a forma de pecúnia,17
1801,Alimentação,2014-01-01,2021-06-30,Auxílio-alimentação,17
1802,Etapas (marítimos),2014-01-01,,Auxílio-alimentação ao trabalhador marítimo,17
1805,Moradia,2014-01-01,,Auxílio-moradia,17
1806,"Alimentação em ticket ou cartão, vinculada ao PAT",2014-01-01,,"Alimentação concedida sob a forma de ticket ou cartão, por empresa vinculada ao Programa de Alimentação do Trabalhador - PAT",17
1807,"Alimentação em ticket ou cartão, não vinculada ao PAT",2014-01-01,,"Alimentação concedida sob a forma de ticket ou cartão, por empresa não vinculada ao PAT",17
1808,"Cesta básica ou refeição, vinculada ao PAT",2014-01-01,,"Alimentação concedida sob a forma de cesta básica ou refeição, por empresa vinculada ao PAT",17
1809,"Cesta básica ou refeição, não vinculada ao PAT",2014-01-01,,"Alimentação concedida sob a forma de cesta básica ou refeição, por empresa não vinculada ao PAT",17
1810,Transporte,2014-01-01,,Auxílio-transporte ou vale-transporte,17
1899,Outros auxílios,2014-01-01,,Valores relativos a outros auxílios não previstos nos demais itens,17
1901,Juros e/ou atualização monetária,2014-01-01,,"Juros e/ou atualização monetária devidos pelo atraso no pagamento de valores por exercício de emprego, cargo ou função",17
2501,Prêmios,2019-04-01,,"Liberalidades concedidas pelo empregador em forma de bens, serviços ou valor em dinheiro a empregado ou a grupo de empregados, em razão de desempenho superior ao ordinariamente esperado no exercício de suas atividades",17
2502,Liberalidades concedidas em mais de duas parcelas anuais,2018-05-01,2019-03-31,"Liberalidades concedidas pelo empregador em forma de bens, serviços ou valor em dinheiro a empregado ou a grupo de empregados, em razão de desempenho superior ao ordinariamente esperado no exercício de suas atividades, em mais de duas parcelas anuais",17
2510,Direitos autorais e intelectuais,2014-01-01,,"Valor correspondente a participação em produção científica, intelectual ou artística",17
2801,Quarentena remunerada,2014-01-01,,"Valor equivalente a remuneração se em exercício estivesse, devida ao trabalhador desligado, em período de quarentena",17
2901,Empréstimos,2014-01-01,,Empréstimos ao trabalhador para posterior desconto,17
2902,Vestuário e equipamentos,2014-01-01,2021-07-31,"Valor correspondente a vestuários, equipamentos e outros acessórios fornecidos ao trabalhador e utilizados no local de trabalho para prestação dos respectivos serviços",17
2903,Vestuário e equipamentos,2014-01-01,,"Valor correspondente a vestuários, equipamentos e outros acessórios quando esses se constituírem em salário utilidade",17
2920,Reembolsos diversos,2014-01-01,2021-07-31,Valor relativo a reembolsos diversos referentes a descontos indevidos efetuados em competências anteriores,17
2930,Insuficiência de saldo,2014-01-01,,"Valor lançado em folha de pagamento para cobertura de excesso de descontos em relação a vencimentos, tanto o valor do vencimento no mês em que houver a insuficiência de saldo, como o respectivo desconto no(s) mês(es) posteriores",17
2999,Arredondamentos,2014-01-01,,"Valor lançado em folha de pagamento, não superior a 99 centavos, relativo a arrendamentos",17
3501,Remuneração por prestação de serviços,2014-01-01,,"Remuneração (inclusive adiantamentos) a contribuintes individuais, inclusive honorários, em trabalhos de natureza eventual e sem vínculo trabalhista",17
3505,Retiradas (pró-labore) de diretores empregados,2014-01-01,,Pró-labore ou retirada (remuneração) a diretores empregados (CLT),17
3506,Retiradas (pró-labore) de diretores não empregados,2014-01-01,,Pró-labore ou retirada (remuneração) a diretores não empregados,17
3508,Retiradas (pró-labore) de proprietários ou sócios,2014-01-01,,Pró-labore ou retirada (remuneração) a proprietários ou sócios da empresa,17
3509,Honorários a conselheiros,2014-01-01,,Valor correspondente a honorários pagos a membros de conselho,17
3510,Gratificação (jeton),2014-01-01,,Valor correspondente a gratificação (jeton) por comparecimento a sessões ou reuniões,17
3511,Gratificação eleitoral,2014-01-01,,Valor correspondente ao exercício da atividade pelo juiz eleitoral,17
3520,Remuneração de cooperado,2014-01-01,,Remuneração a cooperado vinculado a cooperativa de trabalho,17
3525,"Côngruas, prebendas e afins",2018-05-01,,Valores pagos a ministros de confissão religiosa e que independem de natureza e da quantidade do trabalho executado,17
4010,Complementação salarial de auxílio-doença,2014-01-01,,Complementação salarial de auxílio-doença ao trabalhador afastado por acidente de trabalho ou por doença,17
4011,Complemento de salário-mínimo - RPPS,2014-01-01,,Valor correspondente à diferença entre o salário-mínimo e o valor do vencimento do cargo efetivo pago a servidor público vinculado a Regime Próprio de Previdência Social - RPPS,17
4050,Salário-maternidade,2014-01-01,,"Remuneração mensal da trabalhadora empregada durante a licença maternidade, quando paga pelo contratante ou órgão público",17
4051,Salário-maternidade - 13° salário,2014-01-01,,"Valor correspondente ao 13° salário pago pelo contratante ou órgão público, no período de licença maternidade",17
5001,13º salário,2014-01-01,,"Valor relativo ao 13° salário de trabalhador, inclusive as médias de 13° salário (horas extras, adicional noturno, etc.), exceto se relativo à primeira parcela ou se pago em rescisão contratual  nessa opção deve ser classificado também o valor pago mensalmente ao trabalhador avulso e ao empregado com contrato de trabalho intermitente, a título de 13° salário",17
5005,13° salário complementar,2014-01-01,,Valor do 13° salário complementar relativo a diferenças apuradas não consideradas na folha de fechamento do 13° salário,17
5501,Adiantamento de salário,2014-01-01,,"Valor relativo a adiantamento, antecipação ou pagamento parcial de folha de salários",17
5504,13º salário - Adiantamento,2014-01-01,,Valor relativo a adiantamento do 13° salário,17
5510,Adiantamento de benefícios previdenciários,2014-01-01,,Valor relativo a adiantamento de benefícios a serem pagos pela Previdência Social Oficial,17
6000,Saldo de salários na rescisão contratual,2014-01-01,,Valor correspondente aos dias trabalhados no mês da rescisão contratual,17
6001,13º salário relativo ao aviso prévio indenizado,2014-01-01,,Valor correspondente ao 13° salário incidente sobre o aviso prévio indenizado,17
6002,13° salário proporcional na rescisão,2014-01-01,,"Valor correspondente ao 13° salário proporcional pago na rescisão do contrato de trabalho, exceto o pago sobre o aviso prévio indenizado",17
6003,Indenização compensatória do aviso prévio,2014-01-01,,"Valor da maior remuneração do trabalhador, correspondente ao número de dias relativo ao aviso prévio, calculado de acordo com o tempo de serviço do empregado",17
6004,Férias - Dobro na rescisão,2014-01-01,,"Valor correspondente a remuneração a que faz jus a época da rescisão contratual, correspondente a férias não concedidas no prazo legal, inclusive o adicional constitucional",17
6006,Férias proporcionais,2014-01-01,,"Valor correspondente a 1/12 avos da remuneração a que faz jus a época da rescisão contratual, fração superior a 14 dias por mês de trabalho e a projeção do aviso prévio indenizado, inclusive o adicional constitucional",17
6007,Férias vencidas na rescisão,2014-01-01,,"Valor correspondente a remuneração a que faz jus a época da rescisão contratual, correspondente a férias vencidas, mas dentro do prazo concessivo, inclusive o adicional constitucional",17
6101,Indenização compensatória - Multa rescisória 20 ou 40% (CF/88),2014-01-01,,"Valor correspondente à indenização por demissão sem justa causa, por culpa recíproca ou força maior (ambas reconhecidas pela Justiça do Trabalho) ou por acordo entre empregado e empregador, quando da rescisão do contrato de trabalho; ou correspondente à antecipação da multa rescisória do FGTS paga ao empregado com contrato Verde e Amarelo",17
6102,Indenização do art. 9º da Lei 7.238/1984,2014-01-01,,Valor correspondente a indenização quando a dispensa ocorrer sem justa causa dentro dos trinta dias que antecedem a data base,17
6103,Indenização do art. 14 da Lei 5.889/1973,2014-01-01,,"Valor correspondente a indenização do tempo de serviço ao safrista, importância correspondente a 1/12 (um doze avos) do salário mensal, por mês de serviço ou fração superior a 14 (quatorze) dias",17
6104,Indenização do art. 479 da CLT,2014-01-01,,Valor correspondente a metade da remuneração devida ate o termino do contrato a prazo determinado em caso de rescisão antecipada,17
6105,Indenização recebida a título de incentivo a demissão,2014-01-01,,Valor correspondente a incentivo a demissão em Programas de Demissão Voluntária - PDV,17
6106,Multa do art. 477 da CLT,2014-01-01,,"Valor devido ao trabalhador por atraso no pagamento de rescisão do contrato de trabalho (art. 477 da CLT, § 8º)",17
6107,Indenização por quebra de estabilidade,2014-01-01,,"Valor correspondente a indenização por desligamento durante período de estabilidade legal, ou estabilidade derivada de acordo ou convenção coletiva de trabalho",17
6108,Tempo de espera do motorista profissional,2014-01-01,,Valor correspondente ao tempo de espera do motorista profissional,17
6119,Indenização rescisória - Programa Emergencial de Manutenção do Emprego e da Renda,2020-04-01,,Indenização pela dispensa sem justa causa que ocorrer durante o período de garantia provisória no emprego de que trata o Programa Emergencial de Manutenção do Emprego e da Renda,17
6129,Outras multas ou indenizações,2014-01-01,,"Valor correspondente a outras multas ou indenizações previstas em leis ou em Instrumentos Coletivos de Trabalho, exceto as previstas nos demais itens",17
6901,Desconto do aviso prévio,2014-01-01,,"Valor descontado do trabalhador que tenha pedido demissão e não cumpriu aviso prévio, total ou parcialmente",17
6904,Multa prevista no art. 480 da CLT,2014-01-01,,"Valor descontado do empregado pela rescisão antecipada, por iniciativa do empregado, do contrato de trabalho a termo",17
7001,Proventos,2014-01-01,,Valor dos proventos de Aposentadoria a servidor público,17
7002,Proventos - Pensão por morte Civil,2014-01-01,,Valor dos proventos por morte a beneficiário de servidor público,17
7003,Proventos - Reserva,2014-01-01,,Valor dos proventos a militar da reserva remunerada,17
7004,Proventos - Reforma,2014-01-01,,Valor dos proventos a militar reformado,17
7005,Pensão Militar,2014-01-01,,Valor da pensão a beneficiário de militar,17
7006,Auxílio-reclusão,2014-01-01,,Valor de auxílio-reclusão para o servidor público de baixa renda,17
7007,Pensões especiais,2014-01-01,,Valor das pensões de caráter especial diferentes de pensão por morte,17
7008,Complementação de aposentadoria/ pensão,2014-01-01,,Valor relativo à complementação de aposentadoria/pensão vinculada ao Regime Geral de Previdência Social - RGPS,17
9200,Desconto de adiantamentos,2014-01-01,,"Valor relativo a descontos a título de adiantamentos em geral, como de salários e outros, exceto a 1ª parcela do 13° salário",17
9201,Contribuição previdenciária,2014-01-01,,Desconto a título de contribuição previdenciária,17
9202,Contribuição militar,2014-01-01,,Desconto relativo à seguridade do militar e seus dependentes,17
9203,Imposto de Renda Retido na Fonte,2014-01-01,,Desconto a título de Imposto de Renda Retido na Fonte - IRRF,17
9205,Provisão de contribuição previdenciária,2014-01-01,,Desconto efetuado em recibos de férias relativo a provisão de contribuição previdenciária,17
9207,Faltas,2014-01-01,,"Desconto decorrente de ausência de trabalho durante todo o dia em razão de, por exemplo, falta injustificada, suspensão disciplinar, greve",17
9208,Atrasos,2014-01-01,,"Desconto decorrente de ausência de trabalho em razão de, por exemplo, atrasos no início da jornada de trabalho ou de saída antecipada do trabalhador",17
9209,Faltas ou atrasos,2014-01-01,,"Desconto correspondente a faltas, atrasos no início da jornada de trabalho ou à saída antecipada do trabalhador",17
9210,DSR s/faltas e atrasos,2014-01-01,,"Desconto correspondente ao Descanso Semanal Remunerado - DSR, calculado sobre faltas e atrasos do trabalhador",17
9211,DSR sobre faltas,2014-01-01,,"Desconto correspondente ao Descanso Semanal Remunerado - DSR, calculado sobre faltas do trabalhador",17
9212,DSR sobre atrasos,2014-01-01,,"Desconto correspondente ao Descanso Semanal Remunerado - DSR, calculado sobre atrasos do trabalhador",17
9213,Pensão alimentícia,2014-01-01,,"Desconto correspondente a pensão alimentícia sobre o salário mensal, 13° salário, PLR e férias",17
9214,13° salário - Desconto de adiantamento,2014-01-01,,Desconto de antecipação do 13° salário,17
9216,Desconto de vale-transporte,2014-01-01,,Desconto do vale-transporte referente a participação do trabalhador no custo ou em virtude de concessão do benefício em valor maior,17
9217,Contribuição a Outras Entidades e Fundos,2014-01-01,,"Desconto relativo a contribuições destinadas a outras entidades e fundos (Terceiros), como por exemplo, Sest, Senat, etc., devidas por algumas categorias de contribuintes individuais",17
9218,Retenções judiciais,2014-01-01,,"Desconto relativo a retenções de verbas devidas a trabalhadores por ordem judicial, exceto pensão alimentícia",17
9219,Desconto de assistência médica ou odontológica,2014-01-01,,"Desconto referente a participação do trabalhador no custo de assistência médica ou odontológica, ou em virtude de concessão do benefício em valor maior",17
9220,Alimentação - Desconto,2014-01-01,2021-06-30,Desconto referente a participação do trabalhador no custo ou em virtude de concessão do benefício em valor maior,17
9221,Desconto de férias,2014-01-01,,Valor correspondente a remuneração (dias) de férias do mês corrente pago no mês anterior ou adiantamento de férias,17
9222,Desconto de outros impostos e contribuições,2014-01-01,,"Desconto de outros impostos, taxas e contribuições, exceto Imposto de Renda Retido na Fonte, contribuição previdenciária e contribuições destinadas a outras entidades e fundos (Terceiros)",17
9223,Previdência complementar - Parte do empregado,2014-01-01,,Desconto referente a participação do trabalhador no custo ou em virtude de concessão do benefício em valor maior,17
9224,FAPI - Parte do empregado,2014-01-01,,"Desconto referente a participação do trabalhador no custo de Fundo de Aposentadoria Programada Individual - FAPI, ou em virtude de concessão do benefício em valor maior",17
9225,Previdência complementar - Parte do servidor,2014-01-01,,Desconto referente a participação do trabalhador no custeio de Plano de Previdência Complementar do Servidor Público,17
9226,Desconto de férias - Abono,2014-01-01,,Desconto correspondente ao abono de férias pago no mês anterior ou adiantamento de férias,17
9230,Contribuição sindical laboral,2014-01-01,,Valor correspondente ao desconto da contribuição laboral correspondente a um dia de trabalho a título de contribuição sindical,17
9231,Mensalidade sindical ou associativa,2014-01-01,,Valor correspondente ao desconto referente a mensalidade sindical ou associativa do trabalhador,17
9232,Contribuição sindical - Assistencial,2014-01-01,,Valor correspondente ao desconto da contribuição destinada ao custeio das atividades assistenciais do sindicato,17
9233,Contribuição sindical - Confederativa,2014-01-01,,Valor correspondente ao desconto da contribuição destinada ao custeio do sistema confederativo,17
9240,Alimentação concedida em pecúnia - Desconto,2014-01-01,,Desconto referente à alimentação concedida sob a forma de pecúnia,17
9241,"Alimentação em ticket ou cartão, vinculada ao PAT - Desconto",2014-01-01,,"Desconto referente à participação do trabalhador no custo de alimentação concedida sob a forma de ticket ou cartão, por empresa vinculada ao Programa de Alimentação do Trabalhador - PAT",17
9242,"Alimentação em ticket ou cartão, não vinculada ao PAT - Desconto",2014-01-01,,"Desconto referente à participação do trabalhador no custo de alimentação concedida sob a forma de ticket ou cartão, por empresa não vinculada ao PAT",17
9243,"Cesta básica ou refeição, vinculada ao PAT - Desconto",2014-01-01,,"Desconto referente à participação do trabalhador no custo de alimentação concedida sob a forma de cesta básica ou refeição, por empresa vinculada ao PAT",17
9244,"Cesta básica ou refeição, não vinculada ao PAT - Desconto",2014-01-01,,"Desconto referente à participação do trabalhador no custo de alimentação concedida sob a forma de cesta básica ou refeição, por empresa não vinculada ao PAT",17
9250,Seguro de vida - Desconto,2014-01-01,,Desconto referente a participação do trabalhador no custo ou em virtude de concessão do benefício em valor maior,17
9254,Empréstimos consignados - Desconto,2014-01-01,,"Desconto de trabalhadores a título de empréstimos consignados, para repasse a instituição financeira consignatária",17
9255,Empréstimos do empregador - Desconto,2014-01-01,,Desconto de trabalhadores a título de empréstimos efetuados pelo empregador ao trabalhador,17
9258,Convênios,2014-01-01,,"Desconto relativos a convênios diversos com empresas para fornecimento de produtos ou serviços ao empregado, sem pagamento imediato, mas com posterior desconto em folha de pagamento como farmácias, supermercados, etc.",17
9260,FIES - Desconto,2018-05-01,,"Desconto referente à amortização de financiamento do Fundo de Financiamento Estudantil (FIES), para repasse à instituição consignatária",17
9270,Danos e prejuízos causados pelo trabalhador,2014-01-01,,Desconto do trabalhador para reparar danos e prejuízos por ele causados,17
9290,Desconto de pagamento indevido em meses anteriores,2014-01-01,2021-07-31,"Valor correspondente a desconto de verbas pagas indevidamente ao trabalhador em meses anteriores e que estão sendo descontadas no mês de referência, exceto valores relativos a assistência médica, alimentação, previdência complementar e seguro de vida",17
9291,Abate-teto,2014-01-01,,Valor deduzido da remuneração total do segurado que supere o teto remuneratório constitucional,17
9292,Ressarcimento ao erário,2014-01-01,,Valor deduzido da remuneração para pagamento de ressarcimento ou de penalidade,17
9293,Honorários advocatícios,2014-01-01,,Valor descontado do trabalhador por determinação judicial a ser pago ao advogado/escritório de advocacia,17
9294,Redutor EC 41/03,2014-01-01,,Valor descontado da remuneração do instituidor da pensão (Emenda Constitucional 41/2003),17
9299,Outros descontos,2014-01-01,,Outros descontos não previstos nos demais itens,17
9901,Base de cálculo da contribuição previdenciária,2014-01-01,,Valor total da base de cálculo da contribuição previdenciária,17
9902,Total da base de cálculo do FGTS,2014-01-01,,Valor total da base de cálculo do FGTS,17
9903,Total da base de cálculo do IRRF,2014-01-01,,Valor total da base de cálculo do Imposto de Renda Retido na Fonte,17
9904,Total da base de cálculo do FGTS rescisório,2014-01-01,,Valor total da base de cálculo do FGTS rescisório,17
9905,Serviço militar,2014-01-01,,"Valor não relativo a vencimento ou desconto, relativo à remuneração a que teria direito, se em atividade, o trabalhador afastado do trabalho para prestação do serviço militar obrigatório",17
9906,Remuneração no exterior,2014-01-01,,Remuneração recebida no exterior por trabalhador expatriado sobre a qual incida contribuição previdenciária e/ou IRRF e/ou FGTS,17
9907,Total da contribuição da previdenciária patronal - RPPS,2014-01-01,,"Valor total da contribuição previdenciária patronal para o RPPS (normal, suplementar e aportes)",17
9908,FGTS - Depósito,2014-01-01,,Valor do depósito do FGTS,17
9910,Seguros,2014-01-01,,Valor relativo a prêmio de seguro de vida em grupo pago a empresa de seguros como benefício do trabalhador,17
9911,Assistência Médica,2014-01-01,,"Valor não relativo a vencimento ou desconto, relativo à assistência prestada por serviço médico ou odontológico, próprio da empresa ou por ela conveniado, como benefício ao trabalhador",17
9930,Salário-maternidade pago pela Previdência Social,2014-01-01,,"Valor correspondente à remuneração mensal do(a) trabalhador(a) durante a licença maternidade, quando paga pela Previdência Social (RGPS ou pela Unidade Gestora do RPPS)",17
9931,Salário-maternidade pago pela Previdência Social - 13° salário,2014-01-01,,"Valor correspondente ao 13° salário do(a) trabalhador(a) durante a licença maternidade, quando pago pela Previdência Social (RGPS ou pela Unidade Gestora do RPPS)",17
9932,Auxílio-doença acidentário,2014-01-01,,Valor relativo a base de cálculo do FGTS referente a afastamento decorrente de acidente de trabalho,17
9933,Auxílio-doença,2014-01-01,,Valor de benefício previdenciário pago por Regime Próprio de Previdência Social ou valor de auxílio-doença dedutível conforme Lei 13.982/2020 (Covid-19),17
9938,Isenção IRRF - 65 anos,2014-01-01,,"Valor da parcela isenta dos rendimentos de aposentadoria e pensão, transferência para a reserva remunerada ou reforma, pagos por órgão público de previdência oficial ou por entidade de previdência complementar, no caso de contribuinte com idade igual ou superior a 65 anos",17
9939,Outros valores tributáveis,2014-01-01,,"Valor não relativo a vencimento ou desconto mas considerado como base de cálculo do FGTS, e/ou da contribuição previdenciária e/ou do Imposto de Renda Retido na Fonte inclusive suas deduções e isenções",17
9950,Horas extraordinárias - Banco de horas,2014-01-01,2019-10-31,Quantidade (em número decimal com dois dígitos) de horas extraordinárias incorporadas ao banco de horas,17
9951,Horas compensadas - Banco de horas,2014-01-01,2019-10-31,Quantidade (em número decimal com dois dígitos) de horas compensadas no banco de horas,17
9989,Outros valores informativos,2014-01-01,,"Outros valores informativos, que não sejam vencimentos nem descontos",17
